orderId,Account,Order ID,B/S,Contract,Product,Product Description,avgPrice,filledQty,Fill Time,lastCommandId,Status,_priceFormat,_priceFormatType,_tickSize,spreadDefinitionId,Version ID,Timestamp,Date,Quantity,Text,Type,Limit Price,Stop Price,decimalLimit,decimalStop,Filled Qty,Avg Fill Price,decimalFillAvg
143379511858,DEMO3191066,143379511858, Buy,MNQZ4,MNQ,Micro E-mini NASDAQ-100,20852.25,15,11/15/2024 00:01:13,143379511858, Filled,-2,0,0.25,,143379511858,11/15/2024 00:01:13,11/15/24,15,, Market,,,,,15,20852.25,20852.25
143379511869,DEMO3191066,143379511869, Buy,MNQZ4,MNQ,Micro E-mini NASDAQ-100,20852.25,15,11/15/2024 00:01:13,143379511869, Filled,-2,0,0.25,,143379511869,11/15/2024 00:01:13,11/15/24,15,, Market,,,,,15,20852.25,20852.25
143379511870,DEMO3191066,143379511870, Sell,MNQZ4,MNQ,Micro E-mini NASDAQ-100,,,,143379511880, Canceled,-2,0,0.25,,143379511880,11/15/2024 00:01:13,11/15/24,15,, Trailing Stop,,20840.04,,20840.03664096384,,,
143379511884,DEMO3191066,143379511884, Sell,NQZ4,NQ,E-Mini NASDAQ 100,20850.75,1,11/15/2024 00:01:14,143379511884, Filled,-2,0,0.25,,143379511884,11/15/2024 00:01:14,11/15/24,1,, Market,,,,,1,20850.75,20850.75
143379511895,DEMO3191066,143379511895, Sell,NQZ4,NQ,E-Mini NASDAQ 100,20850.25,1,11/15/2024 00:01:15,143379511895, Filled,-2,0,0.25,,143379511895,11/15/2024 00:01:15,11/15/24,1,, Market,,,,,1,20850.25,20850.25
143379511896,DEMO3191066,143379511896, Buy,NQZ4,NQ,E-Mini NASDAQ 100,,,,143379512096, Canceled,-2,0,0.25,,143379512096,11/15/2024 00:13:06,11/15/24,1,Trail Update, Trailing Stop,,20870.06,,20870.057711853777,,,
143379512099,DEMO3191066,143379512099, Sell,MNQZ4,MNQ,Micro E-mini NASDAQ-100,20836.25,15,11/15/2024 00:18:05,143379512099, Filled,-2,0,0.25,,143379512099,11/15/2024 00:18:05,11/15/24,15,, Market,,,,,15,20836.25,20836.25
143379512110,DEMO3191066,143379512110, Sell,MNQZ4,MNQ,Micro E-mini NASDAQ-100,20836.5,15,11/15/2024 00:18:05,143379512110, Filled,-2,0,0.25,,143379512110,11/15/2024 00:18:05,11/15/24,15,, Market,,,,,15,20836.50,20836.5
143379512111,DEMO3191066,143379512111, Buy,MNQZ4,MNQ,Micro E-mini NASDAQ-100,,,,143379512156, Canceled,-2,0,0.25,,143379512156,11/15/2024 00:18:06,11/15/24,15,Trail Update, Trailing Stop,,20852.28,,20852.28283107488,,,
143379512131,DEMO3191066,143379512131, Buy,NQZ4,NQ,E-Mini NASDAQ 100,20836.75,1,11/15/2024 00:18:06,143379512131, Filled,-2,0,0.25,,143379512131,11/15/2024 00:18:06,11/15/24,1,, Market,,,,,1,20836.75,20836.75
143379512142,DEMO3191066,143379512142, Buy,NQZ4,NQ,E-Mini NASDAQ 100,20836.75,1,11/15/2024 00:18:06,143379512142, Filled,-2,0,0.25,,143379512142,11/15/2024 00:18:06,11/15/24,1,, Market,,,,,1,20836.75,20836.75
143379512143,DEMO3191066,143379512143, Sell,NQZ4,NQ,E-Mini NASDAQ 100,,,,143379512153, Rejected,-2,0,0.25,,143379512153,11/15/2024 00:18:06,11/15/24,1,, Trailing Stop,,20840.04,,20840.03664096384,,,
143379512162,DEMO3191066,143379512162, Buy,MNQZ4,MNQ,Micro E-mini NASDAQ-100,20831.0,15,11/15/2024 00:52:12,143379512162, Filled,-2,0,0.25,,143379512162,11/15/2024 00:52:12,11/15/24,15,, Market,,,,,15,20831.00,20831.0
143379512173,DEMO3191066,143379512173, Buy,MNQZ4,MNQ,Micro E-mini NASDAQ-100,20831.25,15,11/15/2024 00:52:12,143379512173, Filled,-2,0,0.25,,143379512173,11/15/2024 00:52:12,11/15/24,15,, Market,,,,,15,20831.25,20831.25
143379512174,DEMO3191066,143379512174, Sell,MNQZ4,MNQ,Micro E-mini NASDAQ-100,,,,143379512217, Canceled,-2,0,0.25,,143379512217,11/15/2024 00:52:14,11/15/24,15,Trail Update, Trailing Stop,,20811.01,,20811.01322989845,,,
143379512191,DEMO3191066,143379512191, Sell,NQZ4,NQ,E-Mini NASDAQ 100,20830.75,1,11/15/2024 00:52:13,143379512191, Filled,-2,0,0.25,,143379512191,11/15/2024 00:52:13,11/15/24,1,, Market,,,,,1,20830.75,20830.75
143379512202,DEMO3191066,143379512202, Sell,NQZ4,NQ,E-Mini NASDAQ 100,20830.5,1,11/15/2024 00:52:13,143379512202, Filled,-2,0,0.25,,143379512202,11/15/2024 00:52:13,11/15/24,1,, Market,,,,,1,20830.50,20830.5
143379512203,DEMO3191066,143379512203, Buy,NQZ4,NQ,E-Mini NASDAQ 100,,,,143379512280, Canceled,-2,0,0.25,,143379512280,11/15/2024 01:08:03,11/15/24,1,Trail Update, Trailing Stop,,20843.03,,20843.03283107488,,,
143379512283,DEMO3191066,143379512283, Sell,MNQZ4,MNQ,Micro E-mini NASDAQ-100,20824.5,15,11/15/2024 01:09:29,143379512283, Filled,-2,0,0.25,,143379512283,11/15/2024 01:09:29,11/15/24,15,, Market,,,,,15,20824.50,20824.5
143379512294,DEMO3191066,143379512294, Sell,MNQZ4,MNQ,Micro E-mini NASDAQ-100,20824.5,15,11/15/2024 01:09:29,143379512294, Filled,-2,0,0.25,,143379512294,11/15/2024 01:09:29,11/15/24,15,, Market,,,,,15,20824.50,20824.5
143379512295,DEMO3191066,143379512295, Buy,MNQZ4,MNQ,Micro E-mini NASDAQ-100,,,,143379512341, Canceled,-2,0,0.25,,143379512341,11/15/2024 01:09:31,11/15/24,15,Trail Update, Trailing Stop,,20839.51,,20839.50783132978,,,
143379512312,DEMO3191066,143379512312, Buy,NQZ4,NQ,E-Mini NASDAQ 100,20825.75,1,11/15/2024 01:09:30,143379512312, Filled,-2,0,0.25,,143379512312,11/15/2024 01:09:30,11/15/24,1,, Market,,,,,1,20825.75,20825.75
143379512323,DEMO3191066,143379512323, Buy,NQZ4,NQ,E-Mini NASDAQ 100,20825.75,1,11/15/2024 01:09:30,143379512323, Filled,-2,0,0.25,,143379512323,11/15/2024 01:09:30,11/15/24,1,, Market,,,,,1,20825.75,20825.75
143379512324,DEMO3191066,143379512324, Sell,NQZ4,NQ,E-Mini NASDAQ 100,20814.25,1,11/15/2024 01:15:19,143379512359, Filled,-2,0,0.25,,143379512359,11/15/2024 01:10:34,11/15/24,1,Trail Update, Trailing Stop,,20814.26,,20814.26322989845,1,20814.25,20814.25
143379512370,DEMO3191066,143379512370, Buy,MNQZ4,MNQ,Micro E-mini NASDAQ-100,20830.0,15,11/15/2024 01:26:56,143379512370, Filled,-2,0,0.25,,143379512370,11/15/2024 01:26:56,11/15/24,15,, Market,,,,,15,20830.00,20830.0
143379512381,DEMO3191066,143379512381, Buy,MNQZ4,MNQ,Micro E-mini NASDAQ-100,20830.0,15,11/15/2024 01:26:56,143379512381, Filled,-2,0,0.25,,143379512381,11/15/2024 01:26:56,11/15/24,15,, Market,,,,,15,20830.00,20830.0
143379512382,DEMO3191066,143379512382, Sell,MNQZ4,MNQ,Micro E-mini NASDAQ-100,,,,143379512396, Canceled,-2,0,0.25,,143379512396,11/15/2024 01:26:56,11/15/24,15,Trail Update, Trailing Stop,,20817.07,,20817.068627079272,,,
143379512399,DEMO3191066,143379512399, Sell,NQZ4,NQ,E-Mini NASDAQ 100,20829.5,1,11/15/2024 01:26:57,143379512399, Filled,-2,0,0.25,,143379512399,11/15/2024 01:26:57,11/15/24,1,, Market,,,,,1,20829.50,20829.5
143379512400,DEMO3191066,143379512400, Buy,NQZ4,NQ,E-Mini NASDAQ 100,20825.25,1,11/15/2024 01:36:01,143379512495, Filled,-2,0,0.25,,143379512495,11/15/2024 01:34:01,11/15/24,1,Trail Update, Trailing Stop,,20825.26,,20825.25783132978,1,20825.25,20825.25
143379512506,DEMO3191066,143379512506, Sell,MNQZ4,MNQ,Micro E-mini NASDAQ-100,20829.25,15,11/15/2024 01:44:29,143379512506, Filled,-2,0,0.25,,143379512506,11/15/2024 01:44:29,11/15/24,15,, Market,,,,,15,20829.25,20829.25
143379512517,DEMO3191066,143379512517, Sell,MNQZ4,MNQ,Micro E-mini NASDAQ-100,20829.25,15,11/15/2024 01:44:29,143379512517, Filled,-2,0,0.25,,143379512517,11/15/2024 01:44:29,11/15/24,15,, Market,,,,,15,20829.25,20829.25
143379512518,DEMO3191066,143379512518, Buy,MNQZ4,MNQ,Micro E-mini NASDAQ-100,,,,143379512528, Canceled,-2,0,0.25,,143379512528,11/15/2024 01:44:29,11/15/24,15,, Trailing Stop,,20844.95,,20844.950400791357,,,
143379512532,DEMO3191066,143379512532, Buy,NQZ4,NQ,E-Mini NASDAQ 100,20829.75,1,11/15/2024 01:44:30,143379512532, Filled,-2,0,0.25,,143379512532,11/15/2024 01:44:30,11/15/24,1,, Market,,,,,1,20829.75,20829.75
143379512533,DEMO3191066,143379512533, Sell,NQZ4,NQ,E-Mini NASDAQ 100,20819.5,1,11/15/2024 01:49:03,143379512559, Filled,-2,0,0.25,,143379512559,11/15/2024 01:44:48,11/15/24,1,Trail Update, Trailing Stop,,20819.57,,20819.568627079272,1,20819.50,20819.5
143379512570,DEMO3191066,143379512570, Buy,MNQZ4,MNQ,Micro E-mini NASDAQ-100,20822.0,15,11/15/2024 02:38:10,143379512570, Filled,-2,0,0.25,,143379512570,11/15/2024 02:38:10,11/15/24,15,, Market,,,,,15,20822.00,20822.0
143379512581,DEMO3191066,143379512581, Buy,MNQZ4,MNQ,Micro E-mini NASDAQ-100,20822.25,15,11/15/2024 02:38:10,143379512581, Filled,-2,0,0.25,,143379512581,11/15/2024 02:38:10,11/15/24,15,, Market,,,,,15,20822.25,20822.25
143379512582,DEMO3191066,143379512582, Sell,MNQZ4,MNQ,Micro E-mini NASDAQ-100,,,,143379512611, Canceled,-2,0,0.25,,143379512611,11/15/2024 02:38:12,11/15/24,15,Trail Update, Trailing Stop,,20812.28,,20812.275208651856,,,
143379512596,DEMO3191066,143379512596, Sell,NQZ4,NQ,E-Mini NASDAQ 100,20821.5,1,11/15/2024 02:38:11,143379512596, Filled,-2,0,0.25,,143379512596,11/15/2024 02:38:11,11/15/24,1,, Market,,,,,1,20821.50,20821.5
143379512597,DEMO3191066,143379512597, Buy,NQZ4,NQ,E-Mini NASDAQ 100,20841.0,1,11/15/2024 03:05:10,143379512644, Filled,-2,0,0.25,,143379512644,11/15/2024 02:41:33,11/15/24,1,Trail Update, Trailing Stop,,20840.95,,20840.950400791357,1,20841.00,20841.0
143379512655,DEMO3191066,143379512655, Sell,MNQZ4,MNQ,Micro E-mini NASDAQ-100,20844.0,15,11/15/2024 03:32:14,143379512655, Filled,-2,0,0.25,,143379512655,11/15/2024 03:32:14,11/15/24,15,, Market,,,,,15,20844.00,20844.0
143379512666,DEMO3191066,143379512666, Sell,MNQZ4,MNQ,Micro E-mini NASDAQ-100,20843.75,15,11/15/2024 03:32:14,143379512666, Filled,-2,0,0.25,,143379512666,11/15/2024 03:32:14,11/15/24,15,, Market,,,,,15,20843.75,20843.75
143379512667,DEMO3191066,143379512667, Buy,MNQZ4,MNQ,Micro E-mini NASDAQ-100,,,,143379512681, Canceled,-2,0,0.25,,143379512681,11/15/2024 03:32:15,11/15/24,15,Trail Update, Trailing Stop,,20856.76,,20856.76086988448,,,
143379512684,DEMO3191066,143379512684, Buy,NQZ4,NQ,E-Mini NASDAQ 100,20844.0,1,11/15/2024 03:32:15,143379512684, Filled,-2,0,0.25,,143379512684,11/15/2024 03:32:15,11/15/24,1,, Market,,,,,1,20844.00,20844.0
143379512685,DEMO3191066,143379512685, Sell,NQZ4,NQ,E-Mini NASDAQ 100,,,,143379512822, Canceled,-2,0,0.25,,143379512822,11/15/2024 04:08:35,11/15/24,1,Trail Update, Trailing Stop,,20829.78,,20829.775208651856,,,
143379512825,DEMO3191066,143379512825, Buy,MNQZ4,MNQ,Micro E-mini NASDAQ-100,20861.25,15,11/15/2024 04:08:49,143379512825, Filled,-2,0,0.25,,143379512825,11/15/2024 04:08:49,11/15/24,15,, Market,,,,,15,20861.25,20861.25
143379512836,DEMO3191066,143379512836, Buy,MNQZ4,MNQ,Micro E-mini NASDAQ-100,20861.5,15,11/15/2024 04:08:49,143379512836, Filled,-2,0,0.25,,143379512836,11/15/2024 04:08:49,11/15/24,15,, Market,,,,,15,20861.50,20861.5
143379512837,DEMO3191066,143379512837, Sell,MNQZ4,MNQ,Micro E-mini NASDAQ-100,,,,143379512847, Canceled,-2,0,0.25,,143379512847,11/15/2024 04:08:49,11/15/24,15,, Trailing Stop,,20850.57,,20850.56681501777,,,
143379512854,DEMO3191066,143379512854, Sell,NQZ4,NQ,E-Mini NASDAQ 100,20861.0,1,11/15/2024 04:08:50,143379512854, Filled,-2,0,0.25,,143379512854,11/15/2024 04:08:50,11/15/24,1,, Market,,,,,1,20861.00,20861.0
143379512865,DEMO3191066,143379512865, Sell,NQZ4,NQ,E-Mini NASDAQ 100,20861.0,1,11/15/2024 04:08:51,143379512865, Filled,-2,0,0.25,,143379512865,11/15/2024 04:08:51,11/15/24,1,, Market,,,,,1,20861.00,20861.0
143379512866,DEMO3191066,143379512866, Buy,NQZ4,NQ,E-Mini NASDAQ 100,,,,143379512876, Rejected,-2,0,0.25,,143379512876,11/15/2024 04:08:51,11/15/24,1,, Trailing Stop,,20857.01,,20857.01086988448,,,
143379512882,DEMO3191066,143379512882, Sell,MNQZ4,MNQ,Micro E-mini NASDAQ-100,20843.0,15,11/15/2024 04:25:57,143379512882, Filled,-2,0,0.25,,143379512882,11/15/2024 04:25:57,11/15/24,15,, Market,,,,,15,20843.00,20843.0
143379512893,DEMO3191066,143379512893, Sell,MNQZ4,MNQ,Micro E-mini NASDAQ-100,20843.0,15,11/15/2024 04:25:58,143379512893, Filled,-2,0,0.25,,143379512893,11/15/2024 04:25:58,11/15/24,15,, Market,,,,,15,20843.00,20843.0
143379512894,DEMO3191066,143379512894, Buy,MNQZ4,MNQ,Micro E-mini NASDAQ-100,,,,143379512936, Canceled,-2,0,0.25,,143379512936,11/15/2024 04:25:59,11/15/24,15,Trail Update, Trailing Stop,,20852.55,,20852.55205410395,,,
143379512908,DEMO3191066,143379512908, Buy,NQZ4,NQ,E-Mini NASDAQ 100,20843.5,1,11/15/2024 04:25:58,143379512908, Filled,-2,0,0.25,,143379512908,11/15/2024 04:25:58,11/15/24,1,, Market,,,,,1,20843.50,20843.5
143379512919,DEMO3191066,143379512919, Buy,NQZ4,NQ,E-Mini NASDAQ 100,20843.5,1,11/15/2024 04:25:59,143379512919, Filled,-2,0,0.25,,143379512919,11/15/2024 04:25:59,11/15/24,1,, Market,,,,,1,20843.50,20843.5
143379512920,DEMO3191066,143379512920, Sell,NQZ4,NQ,E-Mini NASDAQ 100,,,,143379512930, Rejected,-2,0,0.25,,143379512930,11/15/2024 04:25:59,11/15/24,1,, Trailing Stop,,20850.57,,20850.56681501777,,,
143379512942,DEMO3191066,143379512942, Buy,MNQZ4,MNQ,Micro E-mini NASDAQ-100,20851.75,15,11/15/2024 04:43:28,143379512942, Filled,-2,0,0.25,,143379512942,11/15/2024 04:43:28,11/15/24,15,, Market,,,,,15,20851.75,20851.75
143379512953,DEMO3191066,143379512953, Buy,MNQZ4,MNQ,Micro E-mini NASDAQ-100,20851.75,15,11/15/2024 04:43:28,143379512953, Filled,-2,0,0.25,,143379512953,11/15/2024 04:43:28,11/15/24,15,, Market,,,,,15,20851.75,20851.75
143379512954,DEMO3191066,143379512954, Sell,MNQZ4,MNQ,Micro E-mini NASDAQ-100,,,,143379512964, Canceled,-2,0,0.25,,143379512964,11/15/2024 04:43:28,11/15/24,15,, Trailing Stop,,20842.16,,20842.16072011909,,,
143379512968,DEMO3191066,143379512968, Sell,NQZ4,NQ,E-Mini NASDAQ 100,20851.0,1,11/15/2024 04:43:29,143379512968, Filled,-2,0,0.25,,143379512968,11/15/2024 04:43:29,11/15/24,1,, Market,,,,,1,20851.00,20851.0
143379512979,DEMO3191066,143379512979, Sell,NQZ4,NQ,E-Mini NASDAQ 100,20851.0,1,11/15/2024 04:43:30,143379512979, Filled,-2,0,0.25,,143379512979,11/15/2024 04:43:30,11/15/24,1,, Market,,,,,1,20851.00,20851.0
143379512980,DEMO3191066,143379512980, Buy,NQZ4,NQ,E-Mini NASDAQ 100,20852.0,1,11/15/2024 04:44:39,143379513006, Filled,-2,0,0.25,,143379513006,11/15/2024 04:44:24,11/15/24,1,Trail Update, Trailing Stop,,20851.80,,20851.80205410395,1,20852.00,20852.0
143379513017,DEMO3191066,143379513017, Sell,MNQZ4,MNQ,Micro E-mini NASDAQ-100,20839.25,15,11/15/2024 05:18:13,143379513017, Filled,-2,0,0.25,,143379513017,11/15/2024 05:18:13,11/15/24,15,, Market,,,,,15,20839.25,20839.25
143379513028,DEMO3191066,143379513028, Sell,MNQZ4,MNQ,Micro E-mini NASDAQ-100,20839.0,15,11/15/2024 05:18:13,143379513028, Filled,-2,0,0.25,,143379513028,11/15/2024 05:18:13,11/15/24,15,, Market,,,,,15,20839.00,20839.0
143379513029,DEMO3191066,143379513029, Buy,MNQZ4,MNQ,Micro E-mini NASDAQ-100,,,,143379513063, Canceled,-2,0,0.25,,143379513063,11/15/2024 05:18:16,11/15/24,15,Trail Update, Trailing Stop,,20850.42,,20850.423791362955,,,
143379513043,DEMO3191066,143379513043, Buy,NQZ4,NQ,E-Mini NASDAQ 100,20839.25,1,11/15/2024 05:18:14,143379513043, Filled,-2,0,0.25,,143379513043,11/15/2024 05:18:14,11/15/24,1,, Market,,,,,1,20839.25,20839.25
143379513044,DEMO3191066,143379513044, Sell,NQZ4,NQ,E-Mini NASDAQ 100,,,,143379513054, Rejected,-2,0,0.25,,143379513054,11/15/2024 05:18:14,11/15/24,1,, Trailing Stop,,20842.16,,20842.16072011909,,,
143379513069,DEMO3191066,143379513069, Buy,MNQZ4,MNQ,Micro E-mini NASDAQ-100,20811.5,15,11/15/2024 05:51:43,143379513069, Filled,-2,0,0.25,,143379513069,11/15/2024 05:51:43,11/15/24,15,, Market,,,,,15,20811.50,20811.5
143379513080,DEMO3191066,143379513080, Buy,MNQZ4,MNQ,Micro E-mini NASDAQ-100,20812.0,15,11/15/2024 05:51:43,143379513080, Filled,-2,0,0.25,,143379513080,11/15/2024 05:51:43,11/15/24,15,, Market,,,,,15,20812.00,20812.0
143379513081,DEMO3191066,143379513081, Sell,MNQZ4,MNQ,Micro E-mini NASDAQ-100,,,,143379513091, Canceled,-2,0,0.25,,143379513091,11/15/2024 05:51:43,11/15/24,15,, Trailing Stop,,20793.42,,20793.42091825,,,
143379513095,DEMO3191066,143379513095, Sell,NQZ4,NQ,E-Mini NASDAQ 100,20811.5,1,11/15/2024 05:51:44,143379513095, Filled,-2,0,0.25,,143379513095,11/15/2024 05:51:44,11/15/24,1,, Market,,,,,1,20811.50,20811.5
143379513106,DEMO3191066,143379513106, Sell,NQZ4,NQ,E-Mini NASDAQ 100,20811.0,1,11/15/2024 05:51:44,143379513106, Filled,-2,0,0.25,,143379513106,11/15/2024 05:51:44,11/15/24,1,, Market,,,,,1,20811.00,20811.0
143379513107,DEMO3191066,143379513107, Buy,NQZ4,NQ,E-Mini NASDAQ 100,,,,143379513184, Canceled,-2,0,0.25,,143379513184,11/15/2024 06:03:57,11/15/24,1,Trail Update, Trailing Stop,,20842.17,,20842.173791362955,,,
143379513187,DEMO3191066,143379513187, Sell,MNQZ4,MNQ,Micro E-mini NASDAQ-100,20806.5,15,11/15/2024 06:08:33,143379513187, Filled,-2,0,0.25,,143379513187,11/15/2024 06:08:33,11/15/24,15,, Market,,,,,15,20806.50,20806.5
143379513198,DEMO3191066,143379513198, Sell,MNQZ4,MNQ,Micro E-mini NASDAQ-100,20806.5,15,11/15/2024 06:08:34,143379513198, Filled,-2,0,0.25,,143379513198,11/15/2024 06:08:34,11/15/24,15,, Market,,,,,15,20806.50,20806.5
143379513199,DEMO3191066,143379513199, Buy,MNQZ4,MNQ,Micro E-mini NASDAQ-100,,,,143379513219, Canceled,-2,0,0.25,,143379513219,11/15/2024 06:08:34,11/15/24,15,Trail Update, Trailing Stop,,20819.76,,20819.755437154556,,,
143379513225,DEMO3191066,143379513225, Buy,NQZ4,NQ,E-Mini NASDAQ 100,20806.75,1,11/15/2024 06:08:35,143379513225, Filled,-2,0,0.25,,143379513225,11/15/2024 06:08:35,11/15/24,1,, Market,,,,,1,20806.75,20806.75
143379513236,DEMO3191066,143379513236, Buy,NQZ4,NQ,E-Mini NASDAQ 100,20806.75,1,11/15/2024 06:08:35,143379513236, Filled,-2,0,0.25,,143379513236,11/15/2024 06:08:35,11/15/24,1,, Market,,,,,1,20806.75,20806.75
143379513237,DEMO3191066,143379513237, Sell,NQZ4,NQ,E-Mini NASDAQ 100,20795.5,1,11/15/2024 06:11:35,143379513263, Filled,-2,0,0.25,,143379513263,11/15/2024 06:08:47,11/15/24,1,Trail Update, Trailing Stop,,20795.67,,20795.67091825,1,20795.50,20795.5
143379513274,DEMO3191066,143379513274, Buy,MNQZ4,MNQ,Micro E-mini NASDAQ-100,20736.75,15,11/15/2024 06:51:54,143379513274, Filled,-2,0,0.25,,143379513274,11/15/2024 06:51:54,11/15/24,15,, Market,,,,,15,20736.75,20736.75
143379513285,DEMO3191066,143379513285, Buy,MNQZ4,MNQ,Micro E-mini NASDAQ-100,20737.0,15,11/15/2024 06:51:55,143379513285, Filled,-2,0,0.25,,143379513285,11/15/2024 06:51:55,11/15/24,15,, Market,,,,,15,20737.00,20737.0
143379513286,DEMO3191066,143379513286, Sell,MNQZ4,MNQ,Micro E-mini NASDAQ-100,,,,143379513321, Canceled,-2,0,0.25,,143379513321,11/15/2024 06:51:56,11/15/24,15,Trail Update, Trailing Stop,,20707.38,,20707.383267063753,,,
143379513303,DEMO3191066,143379513303, Sell,NQZ4,NQ,E-Mini NASDAQ 100,20735.75,1,11/15/2024 06:51:56,143379513303, Filled,-2,0,0.25,,143379513303,11/15/2024 06:51:56,11/15/24,1,, Market,,,,,1,20735.75,20735.75
143379513304,DEMO3191066,143379513304, Buy,NQZ4,NQ,E-Mini NASDAQ 100,,,,143379513708, Canceled,-2,0,0.25,,143379513708,11/15/2024 07:05:21,11/15/24,1,Trail Update, Trailing Stop,,20751.26,,20751.255437154556,,,
143379513711,DEMO3191066,143379513711, Sell,MNQZ4,MNQ,Micro E-mini NASDAQ-100,20685.25,15,11/15/2024 07:06:54,143379513711, Filled,-2,0,0.25,,143379513711,11/15/2024 07:06:54,11/15/24,15,, Market,,,,,15,20685.25,20685.25
143379513722,DEMO3191066,143379513722, Sell,MNQZ4,MNQ,Micro E-mini NASDAQ-100,20685.25,15,11/15/2024 07:06:55,143379513722, Filled,-2,0,0.25,,143379513722,11/15/2024 07:06:55,11/15/24,15,, Market,,,,,15,20685.25,20685.25
143379513723,DEMO3191066,143379513723, Buy,MNQZ4,MNQ,Micro E-mini NASDAQ-100,,,,143379513774, Canceled,-2,0,0.25,,143379513774,11/15/2024 07:06:56,11/15/24,15,Trail Update, Trailing Stop,,20714.13,,20714.12594763073,,,
143379513749,DEMO3191066,143379513749, Buy,NQZ4,NQ,E-Mini NASDAQ 100,20685.5,1,11/15/2024 07:06:56,143379513749, Filled,-2,0,0.25,,143379513749,11/15/2024 07:06:56,11/15/24,1,, Market,,,,,1,20685.50,20685.5
143379513760,DEMO3191066,143379513760, Buy,NQZ4,NQ,E-Mini NASDAQ 100,20685.0,1,11/15/2024 07:06:56,143379513760, Filled,-2,0,0.25,,143379513760,11/15/2024 07:06:56,11/15/24,1,, Market,,,,,1,20685.00,20685.0
143379513761,DEMO3191066,143379513761, Sell,NQZ4,NQ,E-Mini NASDAQ 100,,,,143379513771, Rejected,-2,0,0.25,,143379513771,11/15/2024 07:06:56,11/15/24,1,, Trailing Stop,,20705.88,,20705.883267063753,,,
143379513780,DEMO3191066,143379513780, Buy,MNQZ4,MNQ,Micro E-mini NASDAQ-100,20585.5,15,11/15/2024 07:51:54,143379513780, Filled,-2,0,0.25,,143379513780,11/15/2024 07:51:54,11/15/24,15,, Market,,,,,15,20585.50,20585.5
143379513791,DEMO3191066,143379513791, Buy,MNQZ4,MNQ,Micro E-mini NASDAQ-100,20585.5,15,11/15/2024 07:51:55,143379513791, Filled,-2,0,0.25,,143379513791,11/15/2024 07:51:54,11/15/24,15,, Market,,,,,15,20585.50,20585.5
143379513792,DEMO3191066,143379513792, Sell,MNQZ4,MNQ,Micro E-mini NASDAQ-100,,,,143379513838, Canceled,-2,0,0.25,,143379513838,11/15/2024 07:51:56,11/15/24,15,Trail Update, Trailing Stop,,20555.50,,20555.49826229217,,,
143379513812,DEMO3191066,143379513812, Sell,NQZ4,NQ,E-Mini NASDAQ 100,20585.0,1,11/15/2024 07:51:55,143379513812, Filled,-2,0,0.25,,143379513812,11/15/2024 07:51:55,11/15/24,1,, Market,,,,,1,20585.00,20585.0
143379513823,DEMO3191066,143379513823, Sell,NQZ4,NQ,E-Mini NASDAQ 100,20585.0,1,11/15/2024 07:51:56,143379513823, Filled,-2,0,0.25,,143379513823,11/15/2024 07:51:56,11/15/24,1,, Market,,,,,1,20585.00,20585.0
143379513824,DEMO3191066,143379513824, Buy,NQZ4,NQ,E-Mini NASDAQ 100,,,,143379514090, Canceled,-2,0,0.25,,143379514090,11/15/2024 07:58:07,11/15/24,1,Trail Update, Trailing Stop,,20672.63,,20672.62594763073,,,
143379514093,DEMO3191066,143379514093, Sell,MNQZ4,MNQ,Micro E-mini NASDAQ-100,20550.75,15,11/15/2024 08:06:55,143379514093, Filled,-2,0,0.25,,143379514093,11/15/2024 08:06:55,11/15/24,15,, Market,,,,,15,20550.75,20550.75
143379514104,DEMO3191066,143379514104, Sell,MNQZ4,MNQ,Micro E-mini NASDAQ-100,20550.25,15,11/15/2024 08:06:55,143379514104, Filled,-2,0,0.25,,143379514104,11/15/2024 08:06:55,11/15/24,15,, Market,,,,,15,20550.25,20550.25
143379514105,DEMO3191066,143379514105, Buy,MNQZ4,MNQ,Micro E-mini NASDAQ-100,,,,143379514125, Canceled,-2,0,0.25,,143379514125,11/15/2024 08:06:55,11/15/24,15,Trail Update, Trailing Stop,,20577.62,,20577.615192281708,,,
143379514131,DEMO3191066,143379514131, Buy,NQZ4,NQ,E-Mini NASDAQ 100,20552.0,1,11/15/2024 08:06:56,143379514131, Filled,-2,0,0.25,,143379514131,11/15/2024 08:06:56,11/15/24,1,, Market,,,,,1,20552.00,20552.0
143379514142,DEMO3191066,143379514142, Buy,NQZ4,NQ,E-Mini NASDAQ 100,20552.25,1,11/15/2024 08:06:56,143379514142, Filled,-2,0,0.25,,143379514142,11/15/2024 08:06:56,11/15/24,1,, Market,,,,,1,20552.25,20552.25
143379514143,DEMO3191066,143379514143, Sell,NQZ4,NQ,E-Mini NASDAQ 100,,,,143379514153, Rejected,-2,0,0.25,,143379514153,11/15/2024 08:06:56,11/15/24,1,, Trailing Stop,,20554.25,,20554.24826229217,,,
143379514159,DEMO3191066,143379514159, Buy,MNQZ4,MNQ,Micro E-mini NASDAQ-100,20565.75,15,11/15/2024 08:21:55,143379514159, Filled,-2,0,0.25,,143379514159,11/15/2024 08:21:55,11/15/24,15,, Market,,,,,15,20565.75,20565.75
143379514170,DEMO3191066,143379514170, Buy,MNQZ4,MNQ,Micro E-mini NASDAQ-100,20565.75,15,11/15/2024 08:21:55,143379514170, Filled,-2,0,0.25,,143379514170,11/15/2024 08:21:55,11/15/24,15,, Market,,,,,15,20565.75,20565.75
143379514171,DEMO3191066,143379514171, Sell,MNQZ4,MNQ,Micro E-mini NASDAQ-100,,,,143379514181, Canceled,-2,0,0.25,,143379514181,11/15/2024 08:21:55,11/15/24,15,, Trailing Stop,,20536.29,,20536.286120882847,,,
143379514185,DEMO3191066,143379514185, Sell,NQZ4,NQ,E-Mini NASDAQ 100,20565.0,1,11/15/2024 08:21:56,143379514185, Filled,-2,0,0.25,,143379514185,11/15/2024 08:21:56,11/15/24,1,, Market,,,,,1,20565.00,20565.0
143379514196,DEMO3191066,143379514196, Sell,NQZ4,NQ,E-Mini NASDAQ 100,20565.0,1,11/15/2024 08:21:56,143379514196, Filled,-2,0,0.25,,143379514196,11/15/2024 08:21:56,11/15/24,1,, Market,,,,,1,20565.00,20565.0
143379514197,DEMO3191066,143379514197, Buy,NQZ4,NQ,E-Mini NASDAQ 100,20573.0,1,11/15/2024 08:24:12,143379514250, Filled,-2,0,0.25,,143379514250,11/15/2024 08:22:51,11/15/24,1,Trail Update, Trailing Stop,,20572.87,,20572.865192281708,1,20573.00,20573.0
143379514261,DEMO3191066,143379514261, Sell,MNQZ4,MNQ,Micro E-mini NASDAQ-100,20550.75,15,11/15/2024 08:36:55,143379514261, Filled,-2,0,0.25,,143379514261,11/15/2024 08:36:55,11/15/24,15,, Market,,,,,15,20550.75,20550.75
143379514272,DEMO3191066,143379514272, Sell,MNQZ4,MNQ,Micro E-mini NASDAQ-100,20550.75,15,11/15/2024 08:36:55,143379514272, Filled,-2,0,0.25,,143379514272,11/15/2024 08:36:55,11/15/24,15,, Market,,,,,15,20550.75,20550.75
143379514273,DEMO3191066,143379514273, Buy,MNQZ4,MNQ,Micro E-mini NASDAQ-100,,,,143379514306, Canceled,-2,0,0.25,,143379514306,11/15/2024 08:36:56,11/15/24,15,Trail Update, Trailing Stop,,20576.35,,20576.35038242268,,,
143379514293,DEMO3191066,143379514293, Buy,NQZ4,NQ,E-Mini NASDAQ 100,20550.25,1,11/15/2024 08:36:56,143379514293, Filled,-2,0,0.25,,143379514293,11/15/2024 08:36:56,11/15/24,1,, Market,,,,,1,20550.25,20550.25
143379514294,DEMO3191066,143379514294, Sell,NQZ4,NQ,E-Mini NASDAQ 100,20539.75,1,11/15/2024 08:40:45,143379514344, Filled,-2,0,0.25,,143379514344,11/15/2024 08:38:05,11/15/24,1,Trail Update, Trailing Stop,,20540.79,,20540.786120882847,1,20539.75,20539.75
143379514355,DEMO3191066,143379514355, Buy,MNQZ4,MNQ,Micro E-mini NASDAQ-100,20498.0,15,11/15/2024 09:21:54,143379514355, Filled,-2,0,0.25,,143379514355,11/15/2024 09:21:54,11/15/24,15,, Market,,,,,15,20498.00,20498.0
143379514366,DEMO3191066,143379514366, Buy,MNQZ4,MNQ,Micro E-mini NASDAQ-100,20498.25,15,11/15/2024 09:21:55,143379514366, Filled,-2,0,0.25,,143379514366,11/15/2024 09:21:55,11/15/24,15,, Market,,,,,15,20498.25,20498.25
143379514367,DEMO3191066,143379514367, Sell,MNQZ4,MNQ,Micro E-mini NASDAQ-100,,,,143379514435, Canceled,-2,0,0.25,,143379514435,11/15/2024 09:22:04,11/15/24,15,Trail Update, Trailing Stop,,20482.81,,20482.81402564971,,,
143379514417,DEMO3191066,143379514417, Sell,NQZ4,NQ,E-Mini NASDAQ 100,20501.5,1,11/15/2024 09:22:00,143379514417, Filled,-2,0,0.25,,143379514417,11/15/2024 09:22:00,11/15/24,1,, Market,,,,,1,20501.50,20501.5
143379514418,DEMO3191066,143379514418, Buy,NQZ4,NQ,E-Mini NASDAQ 100,,,,143379514576, Canceled,-2,0,0.25,,143379514576,11/15/2024 09:31:43,11/15/24,1,Trail Update, Trailing Stop,,20556.10,,20556.10038242268,,,
143379514579,DEMO3191066,143379514579, Sell,MNQZ4,MNQ,Micro E-mini NASDAQ-100,20483.75,15,11/15/2024 09:36:55,143379514579, Filled,-2,0,0.25,,143379514579,11/15/2024 09:36:55,11/15/24,15,, Market,,,,,15,20483.75,20483.75
143379514590,DEMO3191066,143379514590, Sell,MNQZ4,MNQ,Micro E-mini NASDAQ-100,20483.75,15,11/15/2024 09:36:55,143379514590, Filled,-2,0,0.25,,143379514590,11/15/2024 09:36:55,11/15/24,15,, Market,,,,,15,20483.75,20483.75
143379514591,DEMO3191066,143379514591, Buy,MNQZ4,MNQ,Micro E-mini NASDAQ-100,,,,143379514605, Canceled,-2,0,0.25,,143379514605,11/15/2024 09:36:56,11/15/24,15,Trail Update, Trailing Stop,,20507.29,,20507.289642835367,,,
143379514611,DEMO3191066,143379514611, Buy,NQZ4,NQ,E-Mini NASDAQ 100,20484.25,1,11/15/2024 09:36:56,143379514611, Filled,-2,0,0.25,,143379514611,11/15/2024 09:36:56,11/15/24,1,, Market,,,,,1,20484.25,20484.25
143379514622,DEMO3191066,143379514622, Buy,NQZ4,NQ,E-Mini NASDAQ 100,20484.0,1,11/15/2024 09:36:56,143379514622, Filled,-2,0,0.25,,143379514622,11/15/2024 09:36:56,11/15/24,1,, Market,,,,,1,20484.00,20484.0
143379514623,DEMO3191066,143379514623, Sell,NQZ4,NQ,E-Mini NASDAQ 100,20488.5,1,11/15/2024 09:37:44,143379514706, Filled,-2,0,0.25,,143379514706,11/15/2024 09:37:36,11/15/24,1,Trail Update, Trailing Stop,,20488.81,,20488.81402564971,1,20488.50,20488.5
143379514717,DEMO3191066,143379514717, Buy,MNQZ4,MNQ,Micro E-mini NASDAQ-100,20475.25,15,11/15/2024 10:06:55,143379514717, Filled,-2,0,0.25,,143379514717,11/15/2024 10:06:55,11/15/24,15,, Market,,,,,15,20475.25,20475.25
143379514728,DEMO3191066,143379514728, Buy,MNQZ4,MNQ,Micro E-mini NASDAQ-100,20475.5,15,11/15/2024 10:06:55,143379514728, Filled,-2,0,0.25,,143379514728,11/15/2024 10:06:55,11/15/24,15,, Market,,,,,15,20475.50,20475.5
143379514729,DEMO3191066,143379514729, Sell,MNQZ4,MNQ,Micro E-mini NASDAQ-100,,,,143379514767, Canceled,-2,0,0.25,,143379514767,11/15/2024 10:06:57,11/15/24,15,Trail Update, Trailing Stop,,20453.16,,20453.15870272793,,,
143379514743,DEMO3191066,143379514743, Sell,NQZ4,NQ,E-Mini NASDAQ 100,20475.25,1,11/15/2024 10:06:56,143379514743, Filled,-2,0,0.25,,143379514743,11/15/2024 10:06:56,11/15/24,1,, Market,,,,,1,20475.25,20475.25
143379514744,DEMO3191066,143379514744, Buy,NQZ4,NQ,E-Mini NASDAQ 100,,,,143379514953, Canceled,-2,0,0.25,,143379514953,11/15/2024 10:35:00,11/15/24,1,Trail Update, Trailing Stop,,20478.29,,20478.289642835367,,,
143379514956,DEMO3191066,143379514956, Sell,MNQZ4,MNQ,Micro E-mini NASDAQ-100,20460.5,15,11/15/2024 10:36:55,143379514956, Filled,-2,0,0.25,,143379514956,11/15/2024 10:36:55,11/15/24,15,, Market,,,,,15,20460.50,20460.5
143379514967,DEMO3191066,143379514967, Sell,MNQZ4,MNQ,Micro E-mini NASDAQ-100,20460.75,15,11/15/2024 10:36:55,143379514967, Filled,-2,0,0.25,,143379514967,11/15/2024 10:36:55,11/15/24,15,, Market,,,,,15,20460.75,20460.75
143379514968,DEMO3191066,143379514968, Buy,MNQZ4,MNQ,Micro E-mini NASDAQ-100,,,,143379515023, Canceled,-2,0,0.25,,143379515023,11/15/2024 10:36:57,11/15/24,15,Trail Update, Trailing Stop,,20480.34,,20480.339465859317,,,
143379514994,DEMO3191066,143379514994, Buy,NQZ4,NQ,E-Mini NASDAQ 100,20459.75,1,11/15/2024 10:36:56,143379514994, Filled,-2,0,0.25,,143379514994,11/15/2024 10:36:56,11/15/24,1,, Market,,,,,1,20459.75,20459.75
143379515005,DEMO3191066,143379515005, Buy,NQZ4,NQ,E-Mini NASDAQ 100,20459.75,1,11/15/2024 10:36:56,143379515005, Filled,-2,0,0.25,,143379515005,11/15/2024 10:36:56,11/15/24,1,, Market,,,,,1,20459.75,20459.75
143379515006,DEMO3191066,143379515006, Sell,NQZ4,NQ,E-Mini NASDAQ 100,20455.0,1,11/15/2024 10:37:55,143379515053, Filled,-2,0,0.25,,143379515053,11/15/2024 10:37:22,11/15/24,1,Trail Update, Trailing Stop,,20455.16,,20455.15870272793,1,20455.00,20455.0
143379515064,DEMO3191066,143379515064, Buy,MNQZ4,MNQ,Micro E-mini NASDAQ-100,20437.5,15,11/15/2024 11:06:57,143379515064, Filled,-2,0,0.25,,143379515064,11/15/2024 11:06:57,11/15/24,15,, Market,,,,,15,20437.50,20437.5
143379515075,DEMO3191066,143379515075, Buy,MNQZ4,MNQ,Micro E-mini NASDAQ-100,20437.75,15,11/15/2024 11:06:57,143379515075, Filled,-2,0,0.25,,143379515075,11/15/2024 11:06:57,11/15/24,15,, Market,,,,,15,20437.75,20437.75
143379515076,DEMO3191066,143379515076, Sell,MNQZ4,MNQ,Micro E-mini NASDAQ-100,,,,143379515108, Canceled,-2,0,0.25,,143379515108,11/15/2024 11:06:58,11/15/24,15,Trail Update, Trailing Stop,,20417.21,,20417.211208750563,,,
143379515093,DEMO3191066,143379515093, Sell,NQZ4,NQ,E-Mini NASDAQ 100,20437.75,1,11/15/2024 11:06:58,143379515093, Filled,-2,0,0.25,,143379515093,11/15/2024 11:06:58,11/15/24,1,, Market,,,,,1,20437.75,20437.75
143379515094,DEMO3191066,143379515094, Buy,NQZ4,NQ,E-Mini NASDAQ 100,,,,143379515156, Canceled,-2,0,0.25,,143379515156,11/15/2024 11:13:44,11/15/24,1,Trail Update, Trailing Stop,,20474.34,,20474.339465859317,,,
143379515159,DEMO3191066,143379515159, Sell,MNQZ4,MNQ,Micro E-mini NASDAQ-100,20436.5,15,11/15/2024 11:21:58,143379515159, Filled,-2,0,0.25,,143379515159,11/15/2024 11:21:58,11/15/24,15,, Market,,,,,15,20436.50,20436.5
143379515170,DEMO3191066,143379515170, Sell,MNQZ4,MNQ,Micro E-mini NASDAQ-100,20437.0,15,11/15/2024 11:21:59,143379515170, Filled,-2,0,0.25,,143379515170,11/15/2024 11:21:59,11/15/24,15,, Market,,,,,15,20437.00,20437.0
143379515171,DEMO3191066,143379515171, Buy,MNQZ4,MNQ,Micro E-mini NASDAQ-100,,,,143379515188, Canceled,-2,0,0.25,,143379515188,11/15/2024 11:21:59,11/15/24,15,Trail Update, Trailing Stop,,20453.96,,20453.960128135193,,,
143379515194,DEMO3191066,143379515194, Buy,NQZ4,NQ,E-Mini NASDAQ 100,20436.25,1,11/15/2024 11:21:59,143379515194, Filled,-2,0,0.25,,143379515194,11/15/2024 11:21:59,11/15/24,1,, Market,,,,,1,20436.25,20436.25
143379515205,DEMO3191066,143379515205, Buy,NQZ4,NQ,E-Mini NASDAQ 100,20436.25,1,11/15/2024 11:22:00,143379515205, Filled,-2,0,0.25,,143379515205,11/15/2024 11:22:00,11/15/24,1,, Market,,,,,1,20436.25,20436.25
143379515206,DEMO3191066,143379515206, Sell,NQZ4,NQ,E-Mini NASDAQ 100,20422.0,1,11/15/2024 11:29:01,143379515262, Filled,-2,0,0.25,,143379515262,11/15/2024 11:23:44,11/15/24,1,Trail Update, Trailing Stop,,20422.21,,20422.211208750563,1,20422.00,20422.0
143379515273,DEMO3191066,143379515273, Buy,MNQZ4,MNQ,Micro E-mini NASDAQ-100,20463.75,15,11/15/2024 11:52:01,143379515273, Filled,-2,0,0.25,,143379515273,11/15/2024 11:52:01,11/15/24,15,, Market,,,,,15,20463.75,20463.75
143379515284,DEMO3191066,143379515284, Buy,MNQZ4,MNQ,Micro E-mini NASDAQ-100,20464.5,15,11/15/2024 11:52:01,143379515284, Filled,-2,0,0.25,,143379515284,11/15/2024 11:52:01,11/15/24,15,, Market,,,,,15,20464.50,20464.5
143379515285,DEMO3191066,143379515285, Sell,MNQZ4,MNQ,Micro E-mini NASDAQ-100,,,,143379515337, Canceled,-2,0,0.25,,143379515337,11/15/2024 11:52:04,11/15/24,15,Trail Update, Trailing Stop,,20444.77,,20444.766474451702,,,
143379515314,DEMO3191066,143379515314, Sell,NQZ4,NQ,E-Mini NASDAQ 100,20465.75,1,11/15/2024 11:52:02,143379515314, Filled,-2,0,0.25,,143379515314,11/15/2024 11:52:02,11/15/24,1,, Market,,,,,1,20465.75,20465.75
143379515315,DEMO3191066,143379515315, Buy,NQZ4,NQ,E-Mini NASDAQ 100,,,,143379515325, Rejected,-2,0,0.25,,143379515325,11/15/2024 11:52:02,11/15/24,1,, Trailing Stop,,20455.46,,20455.460128135193,,,
143379515343,DEMO3191066,143379515343, Sell,MNQZ4,MNQ,Micro E-mini NASDAQ-100,20480.5,15,11/15/2024 12:37:01,143379515343, Filled,-2,0,0.25,,143379515343,11/15/2024 12:37:01,11/15/24,15,, Market,,,,,15,20480.50,20480.5
143379515354,DEMO3191066,143379515354, Sell,MNQZ4,MNQ,Micro E-mini NASDAQ-100,20480.5,15,11/15/2024 12:37:01,143379515354, Filled,-2,0,0.25,,143379515354,11/15/2024 12:37:01,11/15/24,15,, Market,,,,,15,20480.50,20480.5
143379515355,DEMO3191066,143379515355, Buy,MNQZ4,MNQ,Micro E-mini NASDAQ-100,,,,143379515365, Canceled,-2,0,0.25,,143379515365,11/15/2024 12:37:01,11/15/24,15,, Trailing Stop,,20498.94,,20498.93760251131,,,
143379515369,DEMO3191066,143379515369, Buy,NQZ4,NQ,E-Mini NASDAQ 100,20482.5,1,11/15/2024 12:37:02,143379515369, Filled,-2,0,0.25,,143379515369,11/15/2024 12:37:02,11/15/24,1,, Market,,,,,1,20482.50,20482.5
143379515380,DEMO3191066,143379515380, Buy,NQZ4,NQ,E-Mini NASDAQ 100,20482.75,1,11/15/2024 12:37:02,143379515380, Filled,-2,0,0.25,,143379515380,11/15/2024 12:37:02,11/15/24,1,, Market,,,,,1,20482.75,20482.75
143379515381,DEMO3191066,143379515381, Sell,NQZ4,NQ,E-Mini NASDAQ 100,,,,143379515608, Canceled,-2,0,0.25,,143379515608,11/15/2024 13:02:04,11/15/24,1,Trail Update, Trailing Stop,,20480.52,,20480.516474451702,,,
143379515611,DEMO3191066,143379515611, Buy,MNQZ4,MNQ,Micro E-mini NASDAQ-100,20509.5,15,11/15/2024 13:07:04,143379515611, Filled,-2,0,0.25,,143379515611,11/15/2024 13:07:04,11/15/24,15,, Market,,,,,15,20509.50,20509.5
143379515622,DEMO3191066,143379515622, Buy,MNQZ4,MNQ,Micro E-mini NASDAQ-100,20509.25,15,11/15/2024 13:07:04,143379515622, Filled,-2,0,0.25,,143379515622,11/15/2024 13:07:04,11/15/24,15,, Market,,,,,15,20509.25,20509.25
143379515623,DEMO3191066,143379515623, Sell,MNQZ4,MNQ,Micro E-mini NASDAQ-100,,,,143379515665, Canceled,-2,0,0.25,,143379515665,11/15/2024 13:07:06,11/15/24,15,Trail Update, Trailing Stop,,20482.84,,20482.839279453292,,,
143379515640,DEMO3191066,143379515640, Sell,NQZ4,NQ,E-Mini NASDAQ 100,20508.5,1,11/15/2024 13:07:05,143379515640, Filled,-2,0,0.25,,143379515640,11/15/2024 13:07:05,11/15/24,1,, Market,,,,,1,20508.50,20508.5
143379515651,DEMO3191066,143379515651, Sell,NQZ4,NQ,E-Mini NASDAQ 100,20508.5,1,11/15/2024 13:07:05,143379515651, Filled,-2,0,0.25,,143379515651,11/15/2024 13:07:05,11/15/24,1,, Market,,,,,1,20508.50,20508.5
143379515652,DEMO3191066,143379515652, Buy,NQZ4,NQ,E-Mini NASDAQ 100,,,,143379515662, Rejected,-2,0,0.25,,143379515662,11/15/2024 13:07:05,11/15/24,1,, Trailing Stop,,20498.94,,20498.93760251131,,,
143379515671,DEMO3191066,143379515671, Sell,MNQZ4,MNQ,Micro E-mini NASDAQ-100,20495.5,15,11/15/2024 13:22:59,143379515671, Filled,-2,0,0.25,,143379515671,11/15/2024 13:22:59,11/15/24,15,, Market,,,,,15,20495.50,20495.5
143379515682,DEMO3191066,143379515682, Sell,MNQZ4,MNQ,Micro E-mini NASDAQ-100,20495.5,15,11/15/2024 13:23:00,143379515682, Filled,-2,0,0.25,,143379515682,11/15/2024 13:23:00,11/15/24,15,, Market,,,,,15,20495.50,20495.5
143379515683,DEMO3191066,143379515683, Buy,MNQZ4,MNQ,Micro E-mini NASDAQ-100,,,,143379515700, Canceled,-2,0,0.25,,143379515700,11/15/2024 13:23:00,11/15/24,15,Trail Update, Trailing Stop,,20508.15,,20508.154159989932,,,
143379515703,DEMO3191066,143379515703, Buy,NQZ4,NQ,E-Mini NASDAQ 100,20496.25,1,11/15/2024 13:23:01,143379515703, Filled,-2,0,0.25,,143379515703,11/15/2024 13:23:01,11/15/24,1,, Market,,,,,1,20496.25,20496.25
143379515714,DEMO3191066,143379515714, Buy,NQZ4,NQ,E-Mini NASDAQ 100,20496.0,1,11/15/2024 13:23:01,143379515714, Filled,-2,0,0.25,,143379515714,11/15/2024 13:23:01,11/15/24,1,, Market,,,,,1,20496.00,20496.0
143379515715,DEMO3191066,143379515715, Sell,NQZ4,NQ,E-Mini NASDAQ 100,,,,143379515744, Canceled,-2,0,0.25,,143379515744,11/15/2024 13:23:12,11/15/24,1,Trail Update, Trailing Stop,,20485.34,,20485.339279453292,,,
143379515747,DEMO3191066,143379515747, Buy,MNQZ4,MNQ,Micro E-mini NASDAQ-100,20497.0,15,11/15/2024 13:40:23,143379515747, Filled,-2,0,0.25,,143379515747,11/15/2024 13:40:23,11/15/24,15,, Market,,,,,15,20497.00,20497.0
143379515758,DEMO3191066,143379515758, Buy,MNQZ4,MNQ,Micro E-mini NASDAQ-100,20496.75,15,11/15/2024 13:40:23,143379515758, Filled,-2,0,0.25,,143379515758,11/15/2024 13:40:23,11/15/24,15,, Market,,,,,15,20496.75,20496.75
143379515759,DEMO3191066,143379515759, Sell,MNQZ4,MNQ,Micro E-mini NASDAQ-100,,,,143379515776, Canceled,-2,0,0.25,,143379515776,11/15/2024 13:40:24,11/15/24,15,Trail Update, Trailing Stop,,20489.81,,20489.8126370444,,,
143379515782,DEMO3191066,143379515782, Sell,NQZ4,NQ,E-Mini NASDAQ 100,20496.75,1,11/15/2024 13:40:24,143379515782, Filled,-2,0,0.25,,143379515782,11/15/2024 13:40:24,11/15/24,1,, Market,,,,,1,20496.75,20496.75
143379515793,DEMO3191066,143379515793, Sell,NQZ4,NQ,E-Mini NASDAQ 100,20496.75,1,11/15/2024 13:40:24,143379515793, Filled,-2,0,0.25,,143379515793,11/15/2024 13:40:24,11/15/24,1,, Market,,,,,1,20496.75,20496.75
143379515794,DEMO3191066,143379515794, Buy,NQZ4,NQ,E-Mini NASDAQ 100,,,,143379515829, Canceled,-2,0,0.25,,143379515829,11/15/2024 13:44:27,11/15/24,1,Trail Update, Trailing Stop,,20505.90,,20505.904159989932,,,
